[
    {
      "id": 1,
      "priority": 1,
      "action": {
        "type": "redirect",
        "redirect": {
          "extensionPath": "/shortener_redirect.html"
        }
      },
      "condition": {
        "urlFilter": "||sb.link/*",
        "resourceTypes": ["main_frame"]
      }
    },
    
      {
        "id": 1000,
        "priority": 1,
        "action": {
          "type": "block"
        },
        "condition": {
          "urlFilter": "||doubleclick.net",
          "resourceTypes": ["script", "image", "xmlhttprequest", "sub_frame"]
        }
      },
      {
        "id": 1001,
        "priority": 1,
        "action": {
          "type": "block"
        },
        "condition": {
          "urlFilter": "||googlesyndication.com",
          "resourceTypes": ["script", "image", "xmlhttprequest", "sub_frame"]
        }
      },
      {
        "id": 1002,
        "priority": 1,
        "action": {
          "type": "block"
        },
        "condition": {
          "urlFilter": "||google-analytics.com",
          "resourceTypes": ["script", "image", "xmlhttprequest"]
        }
      },
      {
        "id": 1003,
        "priority": 1,
        "action": {
          "type": "block"
        },
        "condition": {
          "urlFilter": "||adservice.google.com",
          "resourceTypes": ["script", "image"]
        }
      },
      {
        "id": 1004,
        "priority": 1,
        "action": {
          "type": "block"
        },
        "condition": {
          "urlFilter": "||pagead2.googlesyndication.com",
          "resourceTypes": ["script", "image"]
        }
      }
    
     
  ]